strategy,mean_rmse,mean_mae,mean_r2,targets
single_target,36.730620630159855,8.924562049918054,0.3514009555839488,3
multi_output,37.32605271846818,9.259924944852902,0.30367915488826536,3
baseline_median,43.57653276794509,19.598377081748243,-0.06676435868855957,3
